{
    "struct": [
        {
            "type": "void*",
            "value": null
        },
        {
            "type": "McUsrInfoT",
            "value": {
                "pInt": 0,
                "pIntArray": [
                    0,
                    0
                ],
                "fun": 0,
                "funArray": [
                    0,
                    0
                ],
                "day1": 0,
                "day2": 0,
                "day2Array": [
                    0,
                    0
                ],
                "id": 0,
                "idArray": [
                    0,
                    0
                ],
                "usrType": 0,
                "usrName": "",
                "usrNameArray": [
                    "",
                    ""
                ],
                "usrSqno": 0,
                "ussSqnoArray": [
                    0,
                    0
                ],
                "jobSqno": 0,
                "jobSqnoArray": [
                    0,
                    0
                ],
                "rate": 0,
                "rateArray": [
                    0,
                    0
                ],
                "price": 0,
                "priceArray": [
                    0,
                    0
                ]
            }
        },
        {
            "type": "McBaseOrdrT",
            "value": {
                "taskSqno": 0,
                "taskSqnoArray": [
                    0,
                    0
                ],
                "price": 0,
                "priceArray": [
                    0,
                    0
                ]
            }
        },
        {
            "type": "McBaseOrdrArrayT",
            "value": {
                "mcBaseOrdrArray": [
                    {
                        "taskSqno": 0,
                        "taskSqnoArray": [
                            0,
                            0
                        ],
                        "price": 0,
                        "priceArray": [
                            0,
                            0
                        ]
                    },
                    {
                        "taskSqno": 0,
                        "taskSqnoArray": [
                            0,
                            0
                        ],
                        "price": 0,
                        "priceArray": [
                            0,
                            0
                        ]
                    }
                ]
            }
        },
        {
            "type": "McOcoBaseOrdrT",
            "value": {
                "mcBaseOrdrAry": {
                    "mcBaseOrdrArray": [
                        {
                            "taskSqno": 0,
                            "taskSqnoArray": [
                                0,
                                0
                            ],
                            "price": 0,
                            "priceArray": [
                                0,
                                0
                            ]
                        },
                        {
                            "taskSqno": 0,
                            "taskSqnoArray": [
                                0,
                                0
                            ],
                            "price": 0,
                            "priceArray": [
                                0,
                                0
                            ]
                        }
                    ]
                },
                "pUsrDef": 0
            }
        }
    ]
}